{
    "train": {
        "Accuracy": 0.99999469558138,
        "Precision": 1.0,
        "Recall": 0.9958904109589041,
        "F1": 0.9979409746053535,
        "ROC_AUC": 0.9999999989221158
    },
    "test": {
        "Accuracy": 0.9999968566408177,
        "Precision": 1.0,
        "Recall": 0.9975654290931223,
        "F1": 0.9987812309567337,
        "ROC_AUC": 0.9992451991801798
    }
}